grp_fft32_Pipeline_input_loop_fu_928,input_loop,upc_loop_status1.csv
grp_fft32_Pipeline_2_fu_998,Loop 1,upc_loop_status2.csv
grp_generic_sincos_16_4_s_fu_1006.grp_generic_sincos_16_4_Pipeline_VITIS_LOOP_87_1_fu_73,VITIS_LOOP_87_1,upc_loop_status3.csv
grp_generic_sincos_16_4_s_fu_1014.grp_generic_sincos_16_4_Pipeline_VITIS_LOOP_87_1_fu_73,VITIS_LOOP_87_1,upc_loop_status4.csv
grp_generic_sincos_16_4_s_fu_1022.grp_generic_sincos_16_4_Pipeline_VITIS_LOOP_87_1_fu_73,VITIS_LOOP_87_1,upc_loop_status5.csv
grp_generic_sincos_16_4_s_fu_1030.grp_generic_sincos_16_4_Pipeline_VITIS_LOOP_87_1_fu_73,VITIS_LOOP_87_1,upc_loop_status6.csv
grp_generic_sincos_16_4_s_fu_1038.grp_generic_sincos_16_4_Pipeline_VITIS_LOOP_87_1_fu_73,VITIS_LOOP_87_1,upc_loop_status7.csv
grp_generic_sincos_16_4_s_fu_1046.grp_generic_sincos_16_4_Pipeline_VITIS_LOOP_87_1_fu_73,VITIS_LOOP_87_1,upc_loop_status8.csv
grp_generic_sincos_16_4_s_fu_1054.grp_generic_sincos_16_4_Pipeline_VITIS_LOOP_87_1_fu_73,VITIS_LOOP_87_1,upc_loop_status9.csv
grp_generic_sincos_16_4_s_fu_1062.grp_generic_sincos_16_4_Pipeline_VITIS_LOOP_87_1_fu_73,VITIS_LOOP_87_1,upc_loop_status10.csv
grp_generic_sincos_16_4_s_fu_1070.grp_generic_sincos_16_4_Pipeline_VITIS_LOOP_87_1_fu_73,VITIS_LOOP_87_1,upc_loop_status11.csv
grp_generic_sincos_16_4_s_fu_1078.grp_generic_sincos_16_4_Pipeline_VITIS_LOOP_87_1_fu_73,VITIS_LOOP_87_1,upc_loop_status12.csv
grp_generic_sincos_16_4_s_fu_1086.grp_generic_sincos_16_4_Pipeline_VITIS_LOOP_87_1_fu_73,VITIS_LOOP_87_1,upc_loop_status13.csv
grp_generic_sincos_16_4_s_fu_1094.grp_generic_sincos_16_4_Pipeline_VITIS_LOOP_87_1_fu_73,VITIS_LOOP_87_1,upc_loop_status14.csv
grp_generic_sincos_16_4_s_fu_1102.grp_generic_sincos_16_4_Pipeline_VITIS_LOOP_87_1_fu_73,VITIS_LOOP_87_1,upc_loop_status15.csv
grp_generic_sincos_16_4_s_fu_1110.grp_generic_sincos_16_4_Pipeline_VITIS_LOOP_87_1_fu_73,VITIS_LOOP_87_1,upc_loop_status16.csv
grp_generic_sincos_16_4_s_fu_1118.grp_generic_sincos_16_4_Pipeline_VITIS_LOOP_87_1_fu_73,VITIS_LOOP_87_1,upc_loop_status17.csv
grp_generic_sincos_16_4_s_fu_1126.grp_generic_sincos_16_4_Pipeline_VITIS_LOOP_87_1_fu_73,VITIS_LOOP_87_1,upc_loop_status18.csv
grp_fft32_Pipeline_output_loop_fu_1134,output_loop,upc_loop_status19.csv
